﻿Designator,Quantity,Value,Footprint,Package,MPN,DNP,Mount_Type,Description,Sim.Device,Sim.Pins
"C1, C6, C7",3,10µ,C_0603_1608Metric_Pad1.08x0.95mm_HandSolder,,,,smt,,,
C10,1,10µ,C_Elec_5x5.4,,,,smt,,,
"C11, C12, C2, C3, C4, C5, C8, C9",8,100n,C_0603_1608Metric_Pad1.08x0.95mm_HandSolder,,,,smt,,,
D1,1,1N4148,D_DO-35_SOD27_P7.62mm_Horizontal,,,,tht,"100V 0.15A standard switching diode, DO-35",D,1=K 2=A
D2,1,Err_R_LED,LED_0603_1608Metric_Pad1.05x0.95mm_HandSolder,,,,smt,Light emitting diode,,
D3,1,PWR_G_LED,LED_0603_1608Metric_Pad1.05x0.95mm_HandSolder,,,,smt,Light emitting diode,,
"D5, D6, D7",3,P6KE33CA,D_DO-15_P12.70mm_Horizontal,,,,tht,"1500W bidirectional TVS diode, DO-201AE",,
"I2, I3, I5",3,LM393AD,SOIC-8_3.9x4.9mm_P1.27mm,,,,smt,,,
I4,1,SN74AHC1G02DBVR,SOT-23-5,,,,smt,,,
J2,1,Conn_01x04,Molex_KK-396_5273-04A_1x04_P3.96mm_Vertical,,,,tht,"Generic connector, single row, 01x04, script generated (kicad-library-utils/schlib/autogen/connector/)",,
J3,1,Conn_01x02,Molex_KK-396_5273-02A_1x02_P3.96mm_Vertical,,,,tht,"Generic connector, single row, 01x02, script generated (kicad-library-utils/schlib/autogen/connector/)",,
K2,1,G2RL-2,Relay_DPDT_Omron_G2RL-2,,,,tht,"General Purpose Low Profile Relay DPDT Through Hole, Omron G2RL series, 8A 250VAC",,
Q1,1,AO3401A,SOT-23,,,,smt,"-4.0A Id, -30V Vds, P-Channel MOSFET, SOT-23",,
"Q2, Q3",2,BSS138,SOT-23,,,,smt,"50V Vds, 0.22A Id, N-Channel MOSFET, SOT-23",,
"R1, R11, R18, R2, R9",5,100k,R_0603_1608Metric_Pad0.98x0.95mm_HandSolder,,,,smt,,,
"R10, R12, R13, R14, R20, R22, R23, R3, R4, R6, R8",11,10k,R_0603_1608Metric_Pad0.98x0.95mm_HandSolder,,,,smt,,,
"R15, R17, R19",3,39k,R_0603_1608Metric_Pad0.98x0.95mm_HandSolder,,,,smt,,,
"R16, R21",2,560k,R_0603_1608Metric_Pad0.98x0.95mm_HandSolder,,,,smt,,,
"R24, R25",2,100R,R_0603_1608Metric_Pad0.98x0.95mm_HandSolder,,,,smt,,,
R26,1,470,R_0603_1608Metric_Pad0.98x0.95mm_HandSolder,,,,smt,,,
R27,1,560,R_0603_1608Metric_Pad0.98x0.95mm_HandSolder,,,,smt,,,
"R5, R7",2,20k,Potentiometer_Bourns_3296W_Vertical,,,,tht,,,
U2,1,AMS1117-5.0,SOT-223-3_TabPin2,,,,smt,"1A Low Dropout regulator, positive, 5.0V fixed output, SOT-223",,
