﻿pos_x,pos_y,rotation,side,designator,mpn,pack,footprint,value,mount_type
22.282,8.255,-90.0,top,C1,,,C_0603_1608Metric_Pad1.08x0.95mm_HandSolder,10µ,smt
54.9605,24.13,180.0,top,C10,,,C_Elec_5x5.4,10µ,smt
18.0605,19.304,180.0,top,C11,,,C_0603_1608Metric_Pad1.08x0.95mm_HandSolder,100n,smt
28.6755,27.051,180.0,top,C12,,,C_0603_1608Metric_Pad1.08x0.95mm_HandSolder,100n,smt
24.314,8.255,-90.0,top,C2,,,C_0603_1608Metric_Pad1.08x0.95mm_HandSolder,100n,smt
18.091,16.395,180.0,top,C3,,,C_0603_1608Metric_Pad1.08x0.95mm_HandSolder,100n,smt
32.5125,24.1,180.0,top,C4,,,C_0603_1608Metric_Pad1.08x0.95mm_HandSolder,100n,smt
37.268,13.3735,-90.0,top,C5,,,C_0603_1608Metric_Pad1.08x0.95mm_HandSolder,100n,smt
37.268,9.4365,-90.0,top,C6,,,C_0603_1608Metric_Pad1.08x0.95mm_HandSolder,10µ,smt
41.35,22.65,90.0,top,C7,,,C_0603_1608Metric_Pad1.08x0.95mm_HandSolder,10µ,smt
45.9625,21.9,0.0,top,C8,,,C_0603_1608Metric_Pad1.08x0.95mm_HandSolder,100n,smt
50.0125,34.6,0.0,top,C9,,,C_0603_1608Metric_Pad1.08x0.95mm_HandSolder,100n,smt
60.833,40.767,-90.0,top,D1,,,D_DO-35_SOD27_P7.62mm_Horizontal,1N4148,tht
46.359863,8.561874,90.0,top,D2,,,LED_0603_1608Metric_Pad1.05x0.95mm_HandSolder,Err_R_LED,smt
44.323,8.523,-90.0,top,D3,,,LED_0603_1608Metric_Pad1.05x0.95mm_HandSolder,PWR_G_LED,smt
17.344,22.618,90.0,top,D5,,,D_DO-15_P12.70mm_Horizontal,P6KE33CA,tht
35.363,3.949,180.0,top,D6,,,D_DO-15_P12.70mm_Horizontal,P6KE33CA,tht
41.6,31.4,180.0,top,D7,,,D_DO-15_P12.70mm_Horizontal,P6KE33CA,tht
12.376,14.49,0.0,top,I2,,,SOIC-8_3.9x4.9mm_P1.27mm,LM393AD,smt
30.094,19.951,0.0,top,I3,,,SOIC-8_3.9x4.9mm_P1.27mm,LM393AD,smt
37.776,18.935,0.0,top,I4,,,SOT-23-5,SN74AHC1G02DBVR,smt
47.875,30.565,0.0,top,I5,,,SOIC-8_3.9x4.9mm_P1.27mm,LM393AD,smt
21.532,44.577,180.0,top,J2,,,Molex_KK-396_5273-04A_1x04_P3.96mm_Vertical,Conn_01x04,tht
13.929,7.834,-90.0,top,J3,,,Molex_KK-396_5273-02A_1x02_P3.96mm_Vertical,Conn_01x02,tht
31.35,41.25,90.0,top,K2,,,Relay_DPDT_Omron_G2RL-2,G2RL-2,tht
47.0,14.0625,-90.0,top,Q1,,,SOT-23,AO3401A,smt
42.8,14.0375,-90.0,top,Q2,,,SOT-23,BSS138,smt
35.95,35.5875,180.0,top,Q3,,,SOT-23,BSS138,smt
10.994,36.5645,90.0,top,R1,,,R_0603_1608Metric_Pad0.98x0.95mm_HandSolder,100k,smt
11.3875,18.411,180.0,top,R10,,,R_0603_1608Metric_Pad0.98x0.95mm_HandSolder,10k,smt
21.7975,14.617,0.0,top,R11,,,R_0603_1608Metric_Pad0.98x0.95mm_HandSolder,100k,smt
21.774,16.395,180.0,top,R12,,,R_0603_1608Metric_Pad0.98x0.95mm_HandSolder,10k,smt
18.1145,14.617,180.0,top,R13,,,R_0603_1608Metric_Pad0.98x0.95mm_HandSolder,10k,smt
28.6875,24.1,180.0,top,R14,,,R_0603_1608Metric_Pad0.98x0.95mm_HandSolder,10k,smt
41.332,18.9585,-90.0,top,R15,,,R_0603_1608Metric_Pad0.98x0.95mm_HandSolder,39k,smt
45.9625,20.15,0.0,top,R16,,,R_0603_1608Metric_Pad0.98x0.95mm_HandSolder,560k,smt
39.35,22.6625,-90.0,top,R17,,,R_0603_1608Metric_Pad0.98x0.95mm_HandSolder,39k,smt
37.25,22.6625,90.0,top,R18,,,R_0603_1608Metric_Pad0.98x0.95mm_HandSolder,100k,smt
45.9625,23.7,0.0,top,R19,,,R_0603_1608Metric_Pad0.98x0.95mm_HandSolder,39k,smt
23.975,36.1125,90.0,top,R2,,,R_0603_1608Metric_Pad0.98x0.95mm_HandSolder,100k,smt
45.95,25.45,180.0,top,R20,,,R_0603_1608Metric_Pad0.98x0.95mm_HandSolder,10k,smt
53.95,28.956,180.0,top,R21,,,R_0603_1608Metric_Pad0.98x0.95mm_HandSolder,560k,smt
45.7875,34.58,0.0,top,R22,,,R_0603_1608Metric_Pad0.98x0.95mm_HandSolder,10k,smt
53.9625,32.58,0.0,top,R23,,,R_0603_1608Metric_Pad0.98x0.95mm_HandSolder,10k,smt
53.9625,30.77,180.0,top,R24,,,R_0603_1608Metric_Pad0.98x0.95mm_HandSolder,100R,smt
45.75,36.38,180.0,top,R25,,,R_0603_1608Metric_Pad0.98x0.95mm_HandSolder,100R,smt
48.387,8.509,-90.0,top,R26,,,R_0603_1608Metric_Pad0.98x0.95mm_HandSolder,470,smt
42.291,8.5135,90.0,top,R27,,,R_0603_1608Metric_Pad0.98x0.95mm_HandSolder,560,smt
9.216,36.5645,-90.0,top,R3,,,R_0603_1608Metric_Pad0.98x0.95mm_HandSolder,10k,smt
25.85,36.1125,-90.0,top,R4,,,R_0603_1608Metric_Pad0.98x0.95mm_HandSolder,10k,smt
10.994,26.301,-90.0,top,R5,,,Potentiometer_Bourns_3296W_Vertical,20k,tht
11.3875,21.911,180.0,top,R6,,,R_0603_1608Metric_Pad0.98x0.95mm_HandSolder,10k,smt
23.806,26.174,-90.0,top,R7,,,Potentiometer_Bourns_3296W_Vertical,20k,tht
22.0,36.1625,90.0,top,R8,,,R_0603_1608Metric_Pad0.98x0.95mm_HandSolder,10k,smt
11.3875,20.189,0.0,top,R9,,,R_0603_1608Metric_Pad0.98x0.95mm_HandSolder,100k,smt
30.918,11.442,0.0,top,U2,,,SOT-223-3_TabPin2,AMS1117-5.0,smt
